id,name,category,price,originalPrice,badge,shortDescription,description,thumbnail,image1,image2,image3,image4,colors,tags,featured,inStock,createdAt,detail_Material,detail_Fill,detail_Size,detail_Height,detail_Safe for,detail_Washable,detail_Made to order,detail_Stitch,detail_Blocking,detail_Diameter,detail_Thickness,detail_Quantity,detail_Length,detail_Width,detail_Weight,detail_Circumference,detail_Depth,detail_Stretch,detail_Flower,detail_Handle drop,detail_Weight capacity,detail_Dimensions,detail_Sole,detail_Closure,detail_Sizes,detail_Clip
book-sleeve-001,Daisy Book Sleeve,accessories,899,999,New,Huggable hand-crocheted teddy bear in soft cotton yarn.,"A cute, handmade crochet book sleeve featuring a dreamy blue-and-white/yellow-and-white daisy design. Carefully crocheted with soft yarn, it’s perfect for keeping your books protected from scratches, dust and minor bumps while adding a little personality to your reading routine.",images/thumbnails/book-sleeve-001-thumb.jpg,images/products/book-sleeve-001-main.jpg,images/products/book-sleeve-001-side.jpg,,,Blue|Yellow,gift|bookworm|booklover|nerd,TRUE,TRUE,03/09/2026,Premium acrylic yarn,,,1 inch,,Hand wash lay flat to dry,5-7 business days,,,,,1,9 inches,6 inches,,,,,,,,,,,,
cherry-blossom-pot-001,Cherry Blossom Flower Pot,bouquets & flowers,999,1199,New,A handmade crochet flower pot with delicate pink blossoms.,"Bring a little spring indoors with this charming handmade crochet flower pot. Featuring delicate pink flowers, green leaves and a cozy neutral crochet pot, this piece is designed to add a soft, whimsical touch to your home or workspace.Unlike fresh flowers, this little arrangement never wilts, making it a beautiful keepsake or thoughtful gift for someone special.",images/thumbnails/cherry-blossom-pot-001-thumb.jpg,images/products/cherry-blossom-pot-001-main.jpg,images/products/cherry-blossom-pot-001-side.jpg,,,Pink-Beige,gift|homedecore|desk-decore|flower-pot,TRUE,TRUE,04/09/2026,"Premium acrylic yarn, floral stem",Polyester fiberfill,,,,Not washable,5-7 business days,,,,,,,,,,,,,,,,,,,
rose-and-bottle-bouquet-001,Rose and Bottle Bouquet,bouquets & flowers,1199,1399,,"A statement handmade bouquet featuring a crochet rose and a detailed crochet bottle replica, made to be gifted and kept forever.","A unique twist on the classic bouquet! This handmade arrangement features a vibrant crochet rose, detailed green leaves and a hand-crocheted bottle replica, beautifully arranged in an aesthetic newspaper-style wrap and finished with a golden ribbon. Unlike a traditional bouquet, every element is handmade and designed to be kept as a long-lasting keepsake. Perfect for birthdays, anniversaries, celebrations or simply surprising someone special.",images/thumbnails/rose-and-bottle-bouquet-001-thumb.jpg,images/products/rose-and-bottle-bouquet-001-main.jpg,images/products/rose-and-bottle-bouquet-001-side.jpg,,,Red-Brown-Green,gift|bouquet|beer-bottle-bouquet|custom-bouquet,FALSE,TRUE,04/09/2026,"Premium acrylic yarn, floral stem",Polyester fiberfill,,,,Not washable,6-7 business days,,,,,,,,,,,,,,,,,,,
spidey-swing-charm-001,Spidey Swing Charm,keychains & bagcharms,499,699,Trending,"A fun crochet Spiderman charm that doubles as a cute car hanging or bag accessory, perfect for adding a little superhero energy wherever you go!","Handcrafted with love, this Spiderman crochet charm features adorable red and black Spiderman-inspired details with a playful, chunky design. It comes with a long crochet hanging loop, making it perfect to hang from your car's rear-view mirror or attach to your favourite bag, backpack, or purse.",images/thumbnails/spidey-swing-charm-001-thumb.jpg,images/products/spidey-swing-charm-001-main.jpg,images/products/spidey-swing-charm-001-side.jpg,,,Red-Black|Red-Blue,bag-charm|gift|spiderman|marvel,TRUE,TRUE,12/09/2026,Premium acrylic yarn,Polyester fiberfill,,,,Not washable,5-7 business days,,,,,,,,,,,,,,,,,,,
tulip-hair-clutcher-001,Tulip Hair Clutcher,hair accessories,499,599,,"A pretty handmade crochet tulip hair clutcher with delicate lavender blooms, green leaves and pearl accents.","Add a soft floral touch to your everyday hairstyles with our handmade Crochet Tulip Hair Clutcher. Featuring beautifully crocheted lavender tulips, leafy green details and subtle pearl accents, this statement hair accessory is perfect for adding a little charm to your look. Designed with a sturdy claw clip underneath, it’s both pretty and practical. Perfect for buns, ponytails and half-up hairstyles.",images/thumbnails/tulip-hair-clutcher-001-thumb.jpg,images/products/tulip-hair-clutcher-001-main.jpg,images/products/tulip-hair-clutcher-001-side.jpg,,,Lavender,hair-accessory|gift|hair-clutcher|hair-clip,FALSE,TRUE,04/09/2026,Premium cotton yarn,,,,,Not washable,5-7 business days,,,,,,,,,,,,,,,,,,,
sakura-claw-clip-001,Sakura Claw Clip,hair accessories,499,599,,"A delicate handmade crochet sakura hair clutcher featuring soft pink blossoms, green leaves and dainty pearl accents.","Add a touch of spring to your hairstyle with our Crochet Sakura Hair Clutcher. Inspired by delicate cherry blossoms, this statement accessory features hand-crocheted pink sakura flowers, tiny buds, fresh green leaves and subtle pearl embellishments. The floral arrangement is attached to a sturdy claw clip, making it perfect for ponytails, buns and half-up hairstyles. A beautiful choice for everyday styling, festive outfits, special occasions or gifting.",images/thumbnails/sakura-claw-clip-001-thumb.jpg,images/products/sakura-claw-clip-001-main.jpg,images/products/sakura-claw-clip-001-side.jpg,,,Baby pink,hair-accessory|gift|hair-clutcher|hair-clip,FALSE,TRUE,04/09/2026,Premium cotton yarn,,,,,Not washable,5-7 business days,,,,,,,,,,,,,,,,,,,
butterfly-claw-clip-001,Butterfly Claw Clip,hair accessories,499,799,Trending,A statement-making crochet butterfly hair claw that adds the cutest handmade touch to any outfit.,"Make your everyday hairstyles a little more fun with this handmade crochet butterfly hair claw. Featuring a bold black, blue/ yellow/ pink and white butterfly design, this unique hair accessory is perfect for adding a playful, aesthetic touch to your look. The crochet butterfly is carefully handmade and attached to a sturdy claw clip, making it both cute and practical for everyday styling.",images/thumbnails/butterfly-claw-clip-001-thumb.jpg,images/products/butterfly-claw-clip-001-main.jpg,images/products/butterfly-claw-clip-001-side.jpg,images/products/butterfly-claw-clip-001-side1.jpg,,Blue-Black|Yellow-Black|Pink-Black,hair-accessory|gift|hair-clutcher|hair-clip,FALSE,TRUE,04/09/2026,Premium acrylic yarn,,,,,Not washable,5-7 business days,,,,,,,,,,,,,,,,,,,
daisy-bucket-hat-001,Daisy Bucket Hat,wearables,899,1199,,A handmade crochet bucket hat covered in cute daisies. Your new favourite sunny-day accessory.,"Add a little colour and cottagecore charm to your outfits with our handmade crochet daisy bucket hat. Featuring a playful daisy design and a relaxed bucket-hat silhouette, it's perfect for sunny days, vacations, picnics, festivals, and everyday looks. Each hat is carefully crocheted by hand, making every piece unique and full of character.",images/thumbnails/daisy-bucket-hat-001-thumb.jpg,images/products/daisy-bucket-hat-001-main.jpg,images/products/daisy-bucket-hat-001-side.jpg,images/products/daisy-bucket-hat-001-side1.jpg,,Red-White|Yellow-White,bucket-hat|hair-accessory|crochet-hat|daisy-bucket-hat,FALSE,TRUE,04/09/2026,Premium acrylic yarn,,,,,Hand wash lay flat to dry,5-7 business days,,,,,,,,,,,,,,,,,,,
daisy-hair-clutcher-001,Daisy Hair Clutcher,hair accessories,299,399,,"A delicate handmade crochet flower hair clutcher with blue/pink blooms, green leaves and pearl accents, a little floral detail for your everyday look.","Add a soft, feminine touch to your hairstyle with our Crochet Flower Hair Clutcher. Featuring layered blue crochet flowers, tiny green leaves and subtle pearl embellishments, this statement accessory turns even a simple ponytail or bun into a pretty, effortless look. Handmade with care, it's perfect for everyday styling, festive outfits, brunches, picnics and gifting.",images/thumbnails/daisy-hair-clutcher-001-thumb.jpg,images/products/daisy-hair-clutcher-001-main.jpg,images/products/daisy-hair-clutcher-001-side.jpg,images/products/daisy-hair-clutcher-001-side1.jpg,images/products/daisy-hair-clutcher-001-side2.jpg,Pink|Blue,hair-accessory|gift|hair-clutcher|hair-clip,FALSE,TRUE,04/09/2026,Premium cotton yarn,,,,,Not washable,5-7 business days,,,,,,,,,,,,,,,,,,,
single-flower-clutcher-001,Single Flower Clutcher,hair accessories,199,249,,A cute handmade single-flower crochet clutcher with layered blue/pink petals and a delicate pearl centre.,"Keep your hairstyle effortlessly pretty with our Single Flower Crochet Clutcher. Featuring one beautifully layered crochet flower in soft blue with a pearl centre, this minimal yet eye-catching accessory adds a subtle floral touch to your everyday look. The sturdy claw clip makes it easy to style with a ponytail, bun or half-up hairstyle. Perfect for everyday wear, gifting or adding a handmade touch to your outfit.",images/thumbnails/single-flower-clutcher-001-thumb.jpg,images/products/single-flower-clutcher-001-main.jpg,images/products/single-flower-clutcher-001-side.jpg,,,Blue|Pink,hair-accessory|gift|hair-clutcher|hair-clip,FALSE,TRUE,04/09/2026,Premium cotton yarn,,,,,Not washable,5-7 business days,,,,,,,,,,,,,,,,,,,
batman-bouquet-001,Batman Bouquet,bouquets & flowers,799,999,,"A bold and quirky handmade crochet bouquet featuring Batman-inspired details, the perfect gift for every superhero fan.","Forget ordinary flowers, this Crochet Batman Bouquet is made for the superhero lover in your life! Featuring two adorable crochet Batman faces, a signature Batman-inspired emblem and hand-crocheted green stems, this bouquet is wrapped in sleek black paper with gold detailing and finished with a sheer ribbon.",images/thumbnails/batman-bouquet-001-thumb.jpg,images/products/batman-bouquet-001-main.jpg,images/products/batman-bouquet-001-side.jpg,,,Black-Yellow,bouquet|batman|custom-bouquet|gift,FALSE,TRUE,09/09/2026,"Premium acrylic yarn, floral stem",Polyester fiberfill,,,,Not washable,5-7 business days,,,,,,,,,,,,,,,,,,,
van-gogh-sunflower-001,Van Gogh Sunflower,bouquets & flowers,599,699,,A handmade crochet sunflower inspired by the iconic blue-and-yellow palette of Van Gogh's Sunflowers.,"Inspired by the timeless beauty of Van Gogh's sunflower paintings, this handmade crochet flower puts a playful twist on the classic sunflower. Featuring rich blue petals, a soft blue centre and a bright golden-yellow middle, it's a unique statement piece for anyone who loves art, flowers and handmade decor.",images/thumbnails/van-gogh-sunflower-001-thumb.jpg,images/products/van-gogh-sunflower-001-main.jpg,images/products/van-gogh-sunflower-001-side.jpg,,,Blue-Yellow,bouquet|van-gogh|custom-bouquet|gift,FALSE,TRUE,09/09/2026,"Premium acrylic yarn, floral stem",Polyester fiberfill,,,,Not washable,5-7 business days,,,,,,,,,,,,,,,,,,,
rose-desk-pot-001,Rose Desk Pot,bouquets & flowers,499,599,,"A cute handmade crochet rose in a mini pot, the perfect everlasting flower to add a cozy, charming touch to your desk or shelf.","Add a touch of handmade charm to your space with this Crochet Rose Desk Pot. Featuring a beautifully handcrafted red rose with delicate leaves, nestled in a cute crochet pot, this everlasting flower makes the perfect little decor piece for your desk, shelf or bedside table.",images/thumbnails/rose-desk-pot-001-thumb.jpg,images/products/rose-desk-pot-001-main.jpg,images/products/rose-desk-pot-001-side.jpg,,,Red-Beige,gift|homedecore|desk-decore|flower-pot,FALSE,TRUE,09/09/2026,"Premium acrylic yarn, floral stem",Polyester fiberfill,,,,Not washable,5-7 business days,,,,,,,,,,,,,,,,,,,
lavender-blossom-bouquet-001,Lavender Blossom Bouquet,bouquets & flowers,1999,2200,,"A dreamy handmade crochet bouquet featuring 2 delicate lilies, 4 pretty tulips and a leafy stem in soft lavender tones. Perfect for gifting and adding a touch of everlasting beauty to any space.","Bring a little everlasting spring into someone's life with our Lavender Blossom Crochet Bouquet. Handcrafted with love, this bouquet features 2 crochet lilies, 4 crochet tulips and 1 leafy stem, arranged in beautiful lavender, lilac, white and green tones. Wrapped in soft pastel packaging with a delicate ribbon, it makes a thoughtful alternative to traditional fresh flowers.",images/thumbnails/lavender-blossom-bouquet-001-thumb.jpg,images/products/lavender-blossom-bouquet-001-main.jpg,images/products/lavender-blossom-bouquet-001-side.jpg,,,White-Lavender-Pink-Green,gift|bouquet|tulip-lilies-bouquet|custom-bouquet,FALSE,TRUE,09/09/2026,"Premium acrylic yarn, floral stem",,,,,Not washable,5-7 business days,,,,,,,,,,,,,,,,,,,
sun-glow-claw-clip-001,Sun Glow Claw Clip,hair accessories,499,599,,A statement crochet sunflower hair claw made to turn a simple hairstyle into a whole vibe.,"Add a little sunshine to your everyday hairstyle with this handmade crochet sunflower hair claw. Featuring layered sunflower blooms, green leaves and delicate pearl accents, this piece combines a playful floral look with an elegant touch.Perfect for ponytails, buns or half-up hairstyles, it’s a beautiful accessory for everyday outfits, festive looks, picnics, vacations and special occasions.",images/thumbnails/sun-glow-claw-clip-001-thumb.jpg,images/products/sun-glow-claw-clip-001-main.jpg,images/products/sun-glow-claw-clip-001-side.jpg,,,Yellow,hair-clutcher|hair-clip|hair-accessory|gift,TRUE,TRUE,04/09/2026,Premium cotton yarn,,,,,Not washable,5-7 business days,,,,,,,,,,,,,,,,,,,
mikasa-red-scarf-001,Mikasa Red Scarf,wearables,1399,1599,,"A cozy, classic crochet scarf inspired by Mikasa's signature red scarf, made for anime lovers and everyday winter styling.","Wrap yourself in a little piece of Attack on Titan with our handmade Mikasa Crochet Scarf. Featuring a bold red colour, textured crochet pattern, and classic fringe detailing, this scarf is inspired by Mikasa's iconic look while keeping things cozy and wearable. Perfect for anime fans, winter outfits, gifting, or adding a subtle fandom touch to your wardrobe.",images/thumbnails/mikasa-red-scarf-001-thumb.jpg,images/products/mikasa-red-scarf-001-main.jpg,images/products/mikasa-red-scarf-001-side.jpg,,,Red,gift|scarf|winter-wear|wearable,FALSE,TRUE,12/09/2026,Premium acrylic yarn,,,,,Hand wash lay flat to dry,6-7 business days,,,,,,70-75 inches,5-7 inches,,,,,,,,,,,,
blush-scarf-001,Blush Scarf,wearables,1699,1899,,"A cozy cream crochet scarf adorned with delicate handmade pink roses for a soft, romantic winter look.","Add a little floral charm to your winter wardrobe with our Bloom & Blush Crochet Scarf. Handcrafted in a warm cream shade, this cozy scarf features delicate pink crochet roses with tiny green leaves scattered across the length, finished with playful fringe detailing.",images/thumbnails/blush-scarf-001-thumb.jpg,images/products/blush-scarf-001-main.jpg,images/products/blush-scarf-001-side.jpg,,,White-Pink,gift|scarf|winter-wear|wearable,FALSE,TRUE,12/09/2026,Premium acrylic yarn,,,,,Hand wash lay flat to dry,6-7 business days,,,,,,70-75 inches,5-7 inches,,,,,,,,,,,,
,,,,,,,,,,,,,,,,,,,,,,,,,,,,,,,,,,,,,,,,,,,
,,,,,,,,,,,,,,,,,,,,,,,,,,,,,,,,,,,,,,,,,,,
,,,,,,,,,,,,,,,,,,,,,,,,,,,,,,,,,,,,,,,,,,,
,,,,,,,,,,,,,,,,,,,,,,,,,,,,,,,,,,,,,,,,,,,
